GRAND PRIX,DATE,WINNER,CAR,LAPS,TIME
Great Britain,5/13/50,Nino Farina,ALFA ROMEO,70,2:13:23
Monaco,5/21/50,Juan Manuel Fangio,ALFA ROMEO,100,3:13:18
United States,5/30/50,Johnnie Parsons,KURTIS KRAFT OFFENHAUSER,138,2:46:55
Switzerland,6/4/50,Nino Farina,ALFA ROMEO,42,2:02:53
Belgium,6/18/50,Juan Manuel Fangio,ALFA ROMEO,35,2:47:26
France,7/2/50,Juan Manuel Fangio,ALFA ROMEO,64,2:57:52
Italy,9/3/50,Nino Farina,ALFA ROMEO,80,2:51:17
Switzerland,5/27/51,Juan Manuel Fangio,ALFA ROMEO,42,2:07:53
United States,5/30/51,Lee Wallard,KURTIS KRAFT OFFENHAUSER,200,3:57:38
Belgium,6/17/51,Nino Farina,ALFA ROMEO,36,2:45:46
France,7/1/51,Juan Manuel Fangio,ALFA ROMEO,77,3:22:11
Great Britain,7/14/51,Jose Froilan Gonzalez,FERRARI,90,2:42:18
Germany,7/29/51,Alberto Ascari,FERRARI,20,3:23:03
Italy,9/16/51,Alberto Ascari,FERRARI,80,2:42:39
Spain,10/28/51,Juan Manuel Fangio,ALFA ROMEO,70,2:46:54
Switzerland,5/18/52,Piero Taruffi,FERRARI,62,3:01:46
United States,5/30/52,Troy Ruttman,KUZMA OFFENHAUSER,200,3:52:41
Belgium,6/22/52,Alberto Ascari,FERRARI,36,3:03:46
France,7/6/52,Alberto Ascari,FERRARI,77,3:00:00
Great Britain,7/19/52,Alberto Ascari,FERRARI,85,2:44:11
Germany,8/3/52,Alberto Ascari,FERRARI,18,3:06:13
Netherlands,8/17/52,Alberto Ascari,FERRARI,90,2:53:28
Italy,9/7/52,Alberto Ascari,FERRARI,80,2:50:45
Argentina,1/18/53,Alberto Ascari,FERRARI,97,3:01:04
United States,5/30/53,Bill Vukovich,KURTIS KRAFT OFFENHAUSER,200,3:53:01
Netherlands,6/7/53,Alberto Ascari,FERRARI,90,2:53:35
Belgium,6/21/53,Alberto Ascari,FERRARI,36,2:48:30
France,7/5/53,Mike Hawthorn,FERRARI,60,2:44:18
Great Britain,7/18/53,Alberto Ascari,FERRARI,90,2:50:00
Germany,8/2/53,Nino Farina,FERRARI,18,3:02:25
Switzerland,8/23/53,Alberto Ascari,FERRARI,65,3:01:34
Italy,9/13/53,Juan Manuel Fangio,MASERATI,80,2:49:45
Argentina,1/17/54,Juan Manuel Fangio,MASERATI,87,3:00:55
United States,5/31/54,Bill Vukovich,KURTIS KRAFT OFFENHAUSER,200,3:49:17
Belgium,6/20/54,Juan Manuel Fangio,MASERATI,36,2:44:42
France,7/4/54,Juan Manuel Fangio,MERCEDES-BENZ,61,2:42:47
Great Britain,7/17/54,Jose Froilan Gonzalez,FERRARI,90,2:56:14
Germany,8/1/54,Juan Manuel Fangio,MERCEDES-BENZ,22,3:45:45
Switzerland,8/22/54,Juan Manuel Fangio,MERCEDES-BENZ,66,3:00:34
Italy,9/5/54,Juan Manuel Fangio,MERCEDES-BENZ,80,2:47:47
Spain,10/24/54,Mike Hawthorn,FERRARI,80,3:13:52
Argentina,1/16/55,Juan Manuel Fangio,MERCEDES-BENZ,96,3:00:38
Monaco,5/22/55,Maurice Trintignant,FERRARI,100,2:58:09
United States,5/30/55,Bob Sweikert,KURTIS KRAFT OFFENHAUSER,200,3:53:59
Belgium,6/5/55,Juan Manuel Fangio,MERCEDES-BENZ,36,2:39:29
Netherlands,6/19/55,Juan Manuel Fangio,MERCEDES-BENZ,100,2:54:23
Great Britain,7/16/55,Stirling Moss,MERCEDES-BENZ,90,3:07:21
Italy,9/11/55,Juan Manuel Fangio,MERCEDES-BENZ,50,2:25:04
Argentina,1/22/56,Juan Manuel Fangio,FERRARI,98,3:00:03
Monaco,5/13/56,Stirling Moss,MASERATI,100,3:00:32
United States,5/30/56,Pat Flaherty,WATSON OFFENHAUSER,200,3:53:28
Belgium,6/3/56,Peter Collins,FERRARI,36,2:40:00
France,7/1/56,Peter Collins,FERRARI,61,2:34:23
Great Britain,7/14/56,Juan Manuel Fangio,FERRARI,101,2:59:47
Germany,8/5/56,Juan Manuel Fangio,FERRARI,22,3:38:43
Italy,9/2/56,Stirling Moss,MASERATI,50,2:23:41
Argentina,1/13/57,Juan Manuel Fangio,MASERATI,100,3:00:55
Monaco,5/19/57,Juan Manuel Fangio,MASERATI,105,3:10:12
United States,5/30/57,Sam Hanks,EPPERLY OFFENHAUSER,200,3:41:14
France,7/7/57,Juan Manuel Fangio,MASERATI,77,3:07:46
Great Britain,7/20/57,Stirling Moss,VANWALL,90,3:06:37
Germany,8/4/57,Juan Manuel Fangio,MASERATI,22,3:30:38
Italy,8/18/57,Stirling Moss,VANWALL,18,2:59:22
Italy,9/8/57,Stirling Moss,VANWALL,87,2:35:03
Argentina,1/19/58,Stirling Moss,COOPER CLIMAX,80,2:19:33
Monaco,5/18/58,Maurice Trintignant,COOPER CLIMAX,100,2:52:27
Netherlands,5/26/58,Stirling Moss,VANWALL,75,2:04:49
United States,5/30/58,Jimmy Bryan,EPPERLY OFFENHAUSER,200,3:44:13
Belgium,6/15/58,Tony Brooks,VANWALL,24,1:37:06
France,7/6/58,Mike Hawthorn,FERRARI,50,2:03:21
Great Britain,7/19/58,Peter Collins,FERRARI,75,2:09:04
Germany,8/3/58,Tony Brooks,VANWALL,15,2:21:15
Portugal,8/24/58,Stirling Moss,VANWALL,50,2:11:27
Italy,9/7/58,Tony Brooks,VANWALL,70,2:03:47
Morocco,10/19/58,Stirling Moss,VANWALL,53,2:09:15
Monaco,5/10/59,Jack Brabham,COOPER CLIMAX,100,2:55:51
United States,5/30/59,Rodger Ward,WATSON OFFENHAUSER,200,3:40:49
Netherlands,5/31/59,Jo Bonnier,BRM,75,2:05:26
France,7/5/59,Tony Brooks,FERRARI,50,2:01:26
Great Britain,7/18/59,Jack Brabham,COOPER CLIMAX,75,2:30:11
Germany,8/2/59,Tony Brooks,FERRARI,60,2:09:31
Portugal,8/23/59,Stirling Moss,COOPER CLIMAX,62,2:11:55
Italy,9/13/59,Stirling Moss,COOPER CLIMAX,72,2:04:05
United States,12/12/59,Bruce McLaren,COOPER CLIMAX,42,2:12:35
Argentina,2/7/60,Bruce McLaren,COOPER CLIMAX,80,2:17:49
Monaco,5/29/60,Stirling Moss,LOTUS CLIMAX,100,2:53:45
United States,5/30/60,Jim Rathmann,WATSON OFFENHAUSER,200,3:36:11
Netherlands,6/6/60,Jack Brabham,COOPER CLIMAX,75,2:01:47
Belgium,6/19/60,Jack Brabham,COOPER CLIMAX,36,2:21:37
France,7/3/60,Jack Brabham,COOPER CLIMAX,50,1:57:24
Great Britain,7/16/60,Jack Brabham,COOPER CLIMAX,77,2:04:24
Portugal,8/14/60,Jack Brabham,COOPER CLIMAX,55,2:19:00
Italy,9/4/60,Phil Hill,FERRARI,50,2:21:09
United States,11/20/60,Stirling Moss,LOTUS CLIMAX,75,2:28:52
Monaco,5/14/61,Stirling Moss,LOTUS CLIMAX,100,2:45:50
Netherlands,5/22/61,Wolfgang von Trips,FERRARI,75,2:01:52
Belgium,6/18/61,Phil Hill,FERRARI,30,2:03:03
France,7/2/61,Giancarlo Baghetti,FERRARI,52,2:14:17
Great Britain,7/15/61,Wolfgang von Trips,FERRARI,75,2:40:53
Germany,8/6/61,Stirling Moss,LOTUS CLIMAX,15,2:18:12
Italy,9/10/61,Phil Hill,FERRARI,43,2:03:13
United States,10/8/61,Innes Ireland,LOTUS CLIMAX,100,2:13:45
Netherlands,5/20/62,Graham Hill,BRM,80,2:11:02
Monaco,6/3/62,Bruce McLaren,COOPER CLIMAX,100,2:46:29
Belgium,6/17/62,Jim Clark,LOTUS CLIMAX,32,2:07:32
France,7/8/62,Dan Gurney,PORSCHE,54,2:07:35
Great Britain,7/21/62,Jim Clark,LOTUS CLIMAX,75,2:26:20
Germany,8/5/62,Graham Hill,BRM,15,2:38:45
Italy,9/16/62,Graham Hill,BRM,86,2:29:08
United States,10/7/62,Jim Clark,LOTUS CLIMAX,100,2:07:13
South Africa,12/29/62,Graham Hill,BRM,82,2:08:03
Monaco,5/26/63,Graham Hill,BRM,100,2:41:49
Belgium,6/9/63,Jim Clark,LOTUS CLIMAX,32,2:27:47
Netherlands,6/23/63,Jim Clark,LOTUS CLIMAX,80,2:08:13
France,6/30/63,Jim Clark,LOTUS CLIMAX,53,2:10:54
Great Britain,7/20/63,Jim Clark,LOTUS CLIMAX,82,2:14:09
Germany,8/4/63,John Surtees,FERRARI,15,2:13:06
Italy,9/8/63,Jim Clark,LOTUS CLIMAX,86,2:24:19
United States,10/6/63,Graham Hill,BRM,110,2:19:22
Mexico,10/27/63,Jim Clark,LOTUS CLIMAX,65,2:09:52
South Africa,12/28/63,Jim Clark,LOTUS CLIMAX,85,2:10:36
Monaco,5/10/64,Graham Hill,BRM,100,2:41:19
Netherlands,5/24/64,Jim Clark,LOTUS CLIMAX,80,2:07:35
Belgium,6/14/64,Jim Clark,LOTUS CLIMAX,32,2:06:40
France,6/28/64,Dan Gurney,BRABHAM CLIMAX,57,2:07:49
Great Britain,7/11/64,Jim Clark,LOTUS CLIMAX,80,2:15:07
Germany,8/2/64,John Surtees,FERRARI,15,2:12:04
Austria,8/23/64,Lorenzo Bandini,FERRARI,105,2:06:18
Italy,9/6/64,John Surtees,FERRARI,78,2:10:51
United States,10/4/64,Graham Hill,BRM,110,2:16:38
Mexico,10/25/64,Dan Gurney,BRABHAM CLIMAX,65,2:09:50
South Africa,1/1/65,Jim Clark,LOTUS CLIMAX,85,2:06:46
Monaco,5/30/65,Graham Hill,BRM,100,2:37:39
Belgium,6/13/65,Jim Clark,LOTUS CLIMAX,32,2:23:34
France,6/27/65,Jim Clark,LOTUS CLIMAX,40,2:14:38
Great Britain,7/10/65,Jim Clark,LOTUS CLIMAX,80,2:05:25
Netherlands,7/18/65,Jim Clark,LOTUS CLIMAX,80,2:03:59
Germany,8/1/65,Jim Clark,LOTUS CLIMAX,15,2:07:52
Italy,9/12/65,Jackie Stewart,BRM,76,2:04:52
United States,10/3/65,Graham Hill,BRM,110,2:20:36
Mexico,10/24/65,Richie Ginther,HONDA,65,2:08:32
Monaco,5/22/66,Jackie Stewart,BRM,100,2:33:10
Belgium,6/12/66,John Surtees,FERRARI,28,2:09:11
France,7/3/66,Jack Brabham,BRABHAM REPCO,48,1:48:31
Great Britain,7/16/66,Jack Brabham,BRABHAM REPCO,80,2:13:13
Netherlands,7/24/66,Jack Brabham,BRABHAM REPCO,90,2:20:32
Germany,8/7/66,Jack Brabham,BRABHAM REPCO,15,2:27:03
Italy,9/4/66,Ludovico Scarfiotti,FERRARI,68,1:47:14
United States,10/2/66,Jim Clark,LOTUS BRM,108,2:09:40
Mexico,10/23/66,John Surtees,COOPER MASERATI,65,2:06:35
South Africa,1/2/67,Pedro Rodriguez,COOPER MASERATI,80,2:05:45
Monaco,5/7/67,Denny Hulme,BRABHAM REPCO,100,2:34:34
Netherlands,6/4/67,Jim Clark,LOTUS FORD,90,2:14:45
Belgium,6/18/67,Dan Gurney,EAGLE WESLAKE,28,1:40:49
France,7/2/67,Jack Brabham,BRABHAM REPCO,80,2:13:21
Great Britain,7/15/67,Jim Clark,LOTUS FORD,80,1:59:25
Germany,8/6/67,Denny Hulme,BRABHAM REPCO,15,2:05:55
Canada,8/27/67,Jack Brabham,BRABHAM REPCO,90,2:40:40
Italy,9/10/67,John Surtees,HONDA,68,1:43:45
United States,10/1/67,Jim Clark,LOTUS FORD,108,2:03:13
Mexico,10/22/67,Jim Clark,LOTUS FORD,65,1:59:28
South Africa,1/1/68,Jim Clark,LOTUS FORD,80,1:53:56
Spain,5/12/68,Graham Hill,LOTUS FORD,90,2:15:20
Monaco,5/26/68,Graham Hill,LOTUS FORD,80,2:00:32
Belgium,6/9/68,Bruce McLaren,MCLAREN FORD,28,1:40:02
Netherlands,6/23/68,Jackie Stewart,MATRA FORD,90,2:46:11
France,7/7/68,Jacky Ickx,FERRARI,60,2:25:40
Great Britain,7/20/68,Jo Siffert,LOTUS FORD,80,2:01:20
Germany,8/4/68,Jackie Stewart,MATRA FORD,14,2:19:20
Italy,9/8/68,Denny Hulme,MCLAREN FORD,68,1:40:14
Canada,9/22/68,Denny Hulme,MCLAREN FORD,90,2:27:11
United States,10/6/68,Jackie Stewart,MATRA FORD,108,1:59:20
Mexico,11/3/68,Graham Hill,LOTUS FORD,65,1:56:43
South Africa,3/1/69,Jackie Stewart,MATRA FORD,80,1:50:39
Spain,5/4/69,Jackie Stewart,MATRA FORD,90,2:16:53
Monaco,5/18/69,Graham Hill,LOTUS FORD,80,1:56:59
Netherlands,6/21/69,Jackie Stewart,MATRA FORD,90,2:06:42
France,7/6/69,Jackie Stewart,MATRA FORD,38,1:56:47
Great Britain,7/19/69,Jackie Stewart,MATRA FORD,84,1:55:55
Germany,8/3/69,Jacky Ickx,BRABHAM FORD,14,1:49:55
Italy,9/7/69,Jackie Stewart,MATRA FORD,68,1:39:11
Canada,9/20/69,Jacky Ickx,BRABHAM FORD,90,1:59:25
United States,10/5/69,Jochen Rindt,LOTUS FORD,108,1:57:56
Mexico,10/19/69,Denny Hulme,MCLAREN FORD,65,1:54:08
South Africa,3/7/70,Jack Brabham,BRABHAM FORD,80,1:49:34
Spain,4/19/70,Jackie Stewart,MARCH FORD,90,2:10:58
Monaco,5/10/70,Jochen Rindt,LOTUS FORD,80,1:54:36
Belgium,6/7/70,Pedro Rodriguez,BRM,28,1:38:09
Netherlands,6/21/70,Jochen Rindt,LOTUS FORD,80,1:50:43
France,7/5/70,Jochen Rindt,LOTUS FORD,38,1:55:57
Great Britain,7/18/70,Jochen Rindt,LOTUS FORD,80,1:57:02
Germany,8/2/70,Jochen Rindt,LOTUS FORD,50,1:42:00
Austria,8/16/70,Jacky Ickx,FERRARI,60,1:42:17
Italy,9/6/70,Clay Regazzoni,FERRARI,68,1:39:06
Canada,9/20/70,Jacky Ickx,FERRARI,90,2:21:18
United States,10/4/70,Emerson Fittipaldi,LOTUS FORD,108,1:57:32
Mexico,10/25/70,Jacky Ickx,FERRARI,65,1:53:28
South Africa,3/6/71,Mario Andretti,FERRARI,79,1:47:35
Spain,4/18/71,Jackie Stewart,TYRRELL FORD,75,1:49:03
Monaco,5/23/71,Jackie Stewart,TYRRELL FORD,80,1:52:21
Netherlands,6/20/71,Jacky Ickx,FERRARI,70,1:56:20
France,7/4/71,Jackie Stewart,TYRRELL FORD,55,1:46:41
Great Britain,7/17/71,Jackie Stewart,TYRRELL FORD,68,1:31:31
Germany,8/1/71,Jackie Stewart,TYRRELL FORD,12,1:29:15
Austria,8/15/71,Jo Siffert,BRM,54,1:30:23
Italy,9/5/71,Peter Gethin,BRM,55,1:18:12
Canada,9/19/71,Jackie Stewart,TYRRELL FORD,64,1:55:12
United States,10/3/71,Francois Cevert,TYRRELL FORD,59,1:43:51
Argentina,1/23/72,Jackie Stewart,TYRRELL FORD,95,1:57:58
South Africa,3/4/72,Denny Hulme,MCLAREN FORD,79,1:45:49
Spain,5/1/72,Emerson Fittipaldi,LOTUS FORD,90,2:03:41
Monaco,5/14/72,Jean-Pierre Beltoise,BRM,80,2:26:54
Belgium,6/4/72,Emerson Fittipaldi,LOTUS FORD,85,1:44:06
France,7/2/72,Jackie Stewart,TYRRELL FORD,38,1:52:21
Great Britain,7/15/72,Emerson Fittipaldi,LOTUS FORD,76,1:47:50
Germany,7/30/72,Jacky Ickx,FERRARI,14,1:42:12
Austria,8/13/72,Emerson Fittipaldi,LOTUS FORD,54,1:29:16
Italy,9/10/72,Emerson Fittipaldi,LOTUS FORD,55,1:29:58
Canada,9/24/72,Jackie Stewart,TYRRELL FORD,80,1:43:16
United States,10/8/72,Jackie Stewart,TYRRELL FORD,59,1:41:45
Argentina,1/28/73,Emerson Fittipaldi,LOTUS FORD,96,1:56:18
Brazil,2/11/73,Emerson Fittipaldi,LOTUS FORD,40,1:43:55
South Africa,3/3/73,Jackie Stewart,TYRRELL FORD,79,1:43:11
Spain,4/29/73,Emerson Fittipaldi,LOTUS FORD,75,1:48:18
Belgium,5/20/73,Jackie Stewart,TYRRELL FORD,70,1:42:13
Monaco,6/3/73,Jackie Stewart,TYRRELL FORD,78,1:57:44
Sweden,6/17/73,Denny Hulme,MCLAREN FORD,80,1:56:46
France,7/1/73,Ronnie Peterson,LOTUS FORD,54,1:41:36
Great Britain,7/14/73,Peter Revson,MCLAREN FORD,67,1:29:18
Netherlands,7/29/73,Jackie Stewart,TYRRELL FORD,72,1:39:12
Germany,8/5/73,Jackie Stewart,TYRRELL FORD,14,1:42:03
Austria,8/19/73,Ronnie Peterson,LOTUS FORD,54,1:28:48
Italy,9/9/73,Ronnie Peterson,LOTUS FORD,55,1:29:17
Canada,9/23/73,Peter Revson,MCLAREN FORD,80,1:59:04
United States,10/7/73,Ronnie Peterson,LOTUS FORD,59,1:41:15
Argentina,1/13/74,Denny Hulme,MCLAREN FORD,53,1:41:02
Brazil,1/27/74,Emerson Fittipaldi,MCLAREN FORD,32,1:24:37
South Africa,3/30/74,Carlos Reutemann,BRABHAM FORD,78,1:42:40
Spain,4/28/74,Niki Lauda,FERRARI,84,2:00:29
Belgium,5/12/74,Emerson Fittipaldi,MCLAREN FORD,85,1:44:20
Monaco,5/26/74,Ronnie Peterson,LOTUS FORD,78,1:58:03
Sweden,6/9/74,Jody Scheckter,TYRRELL FORD,80,1:58:31
Netherlands,6/23/74,Niki Lauda,FERRARI,75,1:43:00
France,7/7/74,Ronnie Peterson,LOTUS FORD,80,1:21:55
Great Britain,7/20/74,Jody Scheckter,TYRRELL FORD,75,1:43:02
Germany,8/4/74,Clay Regazzoni,FERRARI,14,1:41:35
Austria,8/18/74,Carlos Reutemann,BRABHAM FORD,54,1:28:44
Italy,9/8/74,Ronnie Peterson,LOTUS FORD,52,1:22:56
Canada,9/22/74,Emerson Fittipaldi,MCLAREN FORD,80,1:40:26
United States,10/6/74,Carlos Reutemann,BRABHAM FORD,59,1:40:21
Argentina,1/12/75,Emerson Fittipaldi,MCLAREN FORD,53,1:39:26
Brazil,1/26/75,Carlos Pace,BRABHAM FORD,40,1:44:41
South Africa,3/1/75,Jody Scheckter,TYRRELL FORD,78,1:43:16
Spain,4/27/75,Jochen Mass,MCLAREN FORD,29,0:42:53
Monaco,5/11/75,Niki Lauda,FERRARI,75,2:01:21
Belgium,5/25/75,Niki Lauda,FERRARI,70,1:43:53
Sweden,6/8/75,Niki Lauda,FERRARI,80,1:59:18
Netherlands,6/22/75,James Hunt,HESKETH FORD,75,1:46:57
France,7/6/75,Niki Lauda,FERRARI,54,1:40:18
Great Britain,7/19/75,Emerson Fittipaldi,MCLAREN FORD,56,1:22:05
Germany,8/3/75,Carlos Reutemann,BRABHAM FORD,14,1:41:14
Austria,8/17/75,Vittorio Brambilla,MARCH FORD,29,0:57:56
Italy,9/7/75,Clay Regazzoni,FERRARI,52,1:22:58
United States,10/5/75,Niki Lauda,FERRARI,59,1:42:58
Brazil,1/25/76,Niki Lauda,FERRARI,40,1:45:16
South Africa,3/6/76,Niki Lauda,FERRARI,78,1:42:18
United States,3/28/76,Clay Regazzoni,FERRARI,80,1:53:18
Spain,5/2/76,James Hunt,MCLAREN FORD,75,1:42:20
Belgium,5/16/76,Niki Lauda,FERRARI,70,1:42:53
Monaco,5/30/76,Niki Lauda,FERRARI,78,1:59:51
Sweden,6/13/76,Jody Scheckter,TYRRELL FORD,72,1:46:53
France,7/4/76,James Hunt,MCLAREN FORD,54,1:40:58
Great Britain,7/18/76,Niki Lauda,FERRARI,76,1:44:19
Germany,8/1/76,James Hunt,MCLAREN FORD,14,1:41:42
Austria,8/15/76,John Watson,PENSKE FORD,54,1:30:07
Netherlands,8/29/76,James Hunt,MCLAREN FORD,75,1:44:52
Italy,9/12/76,Ronnie Peterson,MARCH FORD,52,1:30:35
Canada,10/3/76,James Hunt,MCLAREN FORD,80,1:40:09
United States,10/10/76,James Hunt,MCLAREN FORD,59,1:42:40
Japan,10/24/76,Mario Andretti,LOTUS FORD,73,1:43:58
Argentina,1/9/77,Jody Scheckter,WOLF FORD,53,1:40:11
Brazil,1/23/77,Carlos Reutemann,FERRARI,40,1:45:07
South Africa,3/5/77,Niki Lauda,FERRARI,78,1:42:21
United States,4/3/77,Mario Andretti,LOTUS FORD,80,1:51:35
Spain,5/8/77,Mario Andretti,LOTUS FORD,75,1:42:52
Monaco,5/22/77,Jody Scheckter,WOLF FORD,76,1:57:52
Belgium,6/5/77,Gunnar Nilsson,LOTUS FORD,70,1:55:05
Sweden,6/19/77,Jacques Laffite,LIGIER MATRA,72,1:46:55
France,7/3/77,Mario Andretti,LOTUS FORD,80,1:39:40
Great Britain,7/16/77,James Hunt,MCLAREN FORD,68,1:31:46
Germany,7/31/77,Niki Lauda,FERRARI,47,1:31:48
Austria,8/14/77,Alan Jones,SHADOW FORD,54,1:37:16
Netherlands,8/28/77,Niki Lauda,FERRARI,75,1:41:45
Italy,9/11/77,Mario Andretti,LOTUS FORD,52,1:27:50
United States,10/2/77,James Hunt,MCLAREN FORD,59,1:58:23
Canada,10/9/77,Jody Scheckter,WOLF FORD,80,1:40:00
Japan,10/23/77,James Hunt,MCLAREN FORD,73,1:31:51
Argentina,1/15/78,Mario Andretti,LOTUS FORD,52,1:37:04
Brazil,1/29/78,Carlos Reutemann,FERRARI,63,1:49:59
South Africa,3/4/78,Ronnie Peterson,LOTUS FORD,78,1:42:15
United States,4/2/78,Carlos Reutemann,FERRARI,80,1:52:01
Monaco,5/7/78,Patrick Depailler,TYRRELL FORD,75,1:55:14
Belgium,5/21/78,Mario Andretti,LOTUS FORD,70,1:39:52
Spain,6/4/78,Mario Andretti,LOTUS FORD,75,1:41:47
Sweden,6/17/78,Niki Lauda,BRABHAM ALFA ROMEO,70,1:41:00
France,7/2/78,Mario Andretti,LOTUS FORD,54,1:38:51
Great Britain,7/16/78,Carlos Reutemann,FERRARI,76,1:42:12
Germany,7/30/78,Mario Andretti,LOTUS FORD,45,1:28:00
Austria,8/13/78,Ronnie Peterson,LOTUS FORD,54,1:41:21
Netherlands,8/27/78,Mario Andretti,LOTUS FORD,75,1:41:04
Italy,9/10/78,Niki Lauda,BRABHAM ALFA ROMEO,40,1:07:04
United States,10/1/78,Carlos Reutemann,FERRARI,59,1:40:48
Canada,10/8/78,Gilles Villeneuve,FERRARI,70,1:57:49
Argentina,1/21/79,Jacques Laffite,LIGIER FORD,53,1:36:03
Brazil,2/4/79,Jacques Laffite,LIGIER FORD,40,1:40:09
South Africa,3/3/79,Gilles Villeneuve,FERRARI,78,1:41:49
United States,4/8/79,Gilles Villeneuve,FERRARI,80,1:50:25
Spain,4/29/79,Patrick Depailler,LIGIER FORD,75,1:39:11
Belgium,5/13/79,Jody Scheckter,FERRARI,70,1:39:59
Monaco,5/27/79,Jody Scheckter,FERRARI,76,1:55:22
France,7/1/79,Jean-Pierre Jabouille,RENAULT,80,1:35:20
Great Britain,7/14/79,Clay Regazzoni,WILLIAMS FORD,68,1:26:11
Germany,7/29/79,Alan Jones,WILLIAMS FORD,45,1:24:48
Austria,8/12/79,Alan Jones,WILLIAMS FORD,54,1:27:38
Netherlands,8/26/79,Alan Jones,WILLIAMS FORD,75,1:41:19
Italy,9/9/79,Jody Scheckter,FERRARI,50,1:22:00
Canada,9/30/79,Alan Jones,WILLIAMS FORD,72,1:52:06
United States,10/7/79,Gilles Villeneuve,FERRARI,59,1:52:17
Argentina,1/13/80,Alan Jones,WILLIAMS FORD,53,1:43:24
Brazil,1/27/80,Rene Arnoux,RENAULT,40,1:40:01
South Africa,3/1/80,Rene Arnoux,RENAULT,78,1:36:52
United States,3/30/80,Nelson Piquet,BRABHAM FORD,80,1:50:18
Belgium,5/4/80,Didier Pironi,LIGIER FORD,72,1:38
Monaco,5/18/80,Carlos Reutemann,WILLIAMS FORD,76,1:55:34
France,6/29/80,Alan Jones,WILLIAMS FORD,54,1:32:43
Great Britain,7/13/80,Alan Jones,WILLIAMS FORD,76,1:34:49
Germany,8/10/80,Jacques Laffite,LIGIER FORD,45,1:22:59
Austria,8/17/80,Jean-Pierre Jabouille,RENAULT,54,1:26:15
Netherlands,8/31/80,Nelson Piquet,BRABHAM FORD,72,1:38:13
Italy,9/14/80,Nelson Piquet,BRABHAM FORD,60,1:38:07
Canada,9/28/80,Alan Jones,WILLIAMS FORD,70,1:46:45
United States,10/5/80,Alan Jones,WILLIAMS FORD,59,1:34:36
United States,3/15/81,Alan Jones,WILLIAMS FORD,80,1:50:41
Brazil,3/29/81,Carlos Reutemann,WILLIAMS FORD,62,2:00:23
Argentina,4/12/81,Nelson Piquet,BRABHAM FORD,53,1:34:32
San Marino,5/3/81,Nelson Piquet,BRABHAM FORD,60,1:51:23
Belgium,5/17/81,Carlos Reutemann,WILLIAMS FORD,54,1:16:31
Monaco,5/31/81,Gilles Villeneuve,FERRARI,76,1:54:23
Spain,6/21/81,Gilles Villeneuve,FERRARI,80,1:46:35
France,7/5/81,Alain Prost,RENAULT,80,1:35:48
Great Britain,7/18/81,John Watson,MCLAREN FORD,68,1:26:54
Germany,8/2/81,Nelson Piquet,BRABHAM FORD,45,1:25:55
Austria,8/16/81,Jacques Laffite,LIGIER MATRA,53,1:27:36
Netherlands,8/30/81,Alain Prost,RENAULT,72,1:40:22
Italy,9/13/81,Alain Prost,RENAULT,52,1:26:33
Canada,9/27/81,Jacques Laffite,LIGIER MATRA,63,2:01:25
United States,10/17/81,Alan Jones,WILLIAMS FORD,75,1:44:09
South Africa,1/23/82,Alain Prost,RENAULT,77,1:32:08
Brazil,3/21/82,Alain Prost,RENAULT,63,1:44:33
United States,4/4/82,Niki Lauda,MCLAREN FORD,75,1:58:25
San Marino,4/25/82,Didier Pironi,FERRARI,60,1:36:38
Belgium,5/9/82,John Watson,MCLAREN FORD,70,1:35:41
Monaco,5/23/82,Riccardo Patrese,BRABHAM FORD,76,1:54:11
United States,6/6/82,John Watson,MCLAREN FORD,62,1:58:41
Canada,6/13/82,Nelson Piquet,BRABHAM BMW,70,1:46:39
Netherlands,7/3/82,Didier Pironi,FERRARI,72,1:38:03
Great Britain,7/18/82,Niki Lauda,MCLAREN FORD,76,1:35:33
France,7/25/82,Rene Arnoux,RENAULT,54,1:33:33
Germany,8/8/82,Patrick Tambay,FERRARI,45,1:27:25
Austria,8/15/82,Elio de Angelis,LOTUS FORD,53,1:25:02
Switzerland,8/29/82,Keke Rosberg,WILLIAMS FORD,80,1:32:41
Italy,9/12/82,Rene Arnoux,RENAULT,52,1:22:25
United States,9/25/82,Michele Alboreto,TYRRELL FORD,75,1:41:55
Brazil,3/13/83,Nelson Piquet,BRABHAM BMW,63,1:48:27
United States,3/27/83,John Watson,MCLAREN FORD,75,1:53:34
France,4/17/83,Alain Prost,RENAULT,54,1:34:13
San Marino,5/1/83,Patrick Tambay,FERRARI,60,1:37:52
Monaco,5/15/83,Keke Rosberg,WILLIAMS FORD,76,1:56:38
Belgium,5/22/83,Alain Prost,RENAULT,40,1:27:11
United States,6/5/83,Michele Alboreto,TYRRELL FORD,60,1:50:53
Canada,6/12/83,Rene Arnoux,FERRARI,70,1:48:31
Great Britain,7/16/83,Alain Prost,RENAULT,67,1:24:39
Germany,8/7/83,Rene Arnoux,FERRARI,45,1:27:10
Austria,8/14/83,Alain Prost,RENAULT,53,1:24:32
Netherlands,8/28/83,Rene Arnoux,FERRARI,72,1:38:41
Italy,9/11/83,Nelson Piquet,BRABHAM BMW,52,1:23:10
Great Britain,9/25/83,Nelson Piquet,BRABHAM BMW,76,1:36:45
South Africa,10/15/83,Riccardo Patrese,BRABHAM BMW,77,1:33:25
Brazil,3/25/84,Alain Prost,MCLAREN TAG,61,1:42:34
South Africa,4/7/84,Niki Lauda,MCLAREN TAG,75,1:29:23
Belgium,4/29/84,Michele Alboreto,FERRARI,70,1:36:32
San Marino,5/6/84,Alain Prost,MCLAREN TAG,60,1:36:53
France,5/20/84,Niki Lauda,MCLAREN TAG,79,1:31:11
Monaco,6/3/84,Alain Prost,MCLAREN TAG,31,1:01:07
Canada,6/17/84,Nelson Piquet,BRABHAM BMW,70,1:46:23
United States,6/24/84,Nelson Piquet,BRABHAM BMW,63,1:55:41
United States,7/8/84,Keke Rosberg,WILLIAMS HONDA,67,2:01:22
Great Britain,7/22/84,Niki Lauda,MCLAREN TAG,71,1:29:28
Germany,8/5/84,Alain Prost,MCLAREN TAG,44,1:24:43
Austria,8/19/84,Niki Lauda,MCLAREN TAG,51,1:21:12
Netherlands,8/26/84,Alain Prost,MCLAREN TAG,71,1:37:21
Italy,9/9/84,Niki Lauda,MCLAREN TAG,51,1:20:29
Germany,10/7/84,Alain Prost,MCLAREN TAG,67,1:35:13
Portugal,10/21/84,Alain Prost,MCLAREN TAG,70,1:41:11
Brazil,4/7/85,Alain Prost,MCLAREN TAG,61,1:41:26
Portugal,4/21/85,Ayrton Senna,LOTUS RENAULT,67,2:00:28
San Marino,5/5/85,Elio de Angelis,LOTUS RENAULT,60,1:34:35
Monaco,5/19/85,Alain Prost,MCLAREN TAG,78,1:51:58
Canada,6/16/85,Michele Alboreto,FERRARI,70,1:46:01
United States,6/23/85,Keke Rosberg,WILLIAMS HONDA,63,1:55:39
France,7/7/85,Nelson Piquet,BRABHAM BMW,53,1:31:46
Great Britain,7/21/85,Alain Prost,MCLAREN TAG,65,1:18:10
Germany,8/4/85,Michele Alboreto,FERRARI,67,1:35:31
Austria,8/18/85,Alain Prost,MCLAREN TAG,52,1:20:12
Netherlands,8/25/85,Niki Lauda,MCLAREN TAG,70,1:32:29
Italy,9/8/85,Alain Prost,MCLAREN TAG,51,1:17:59
Belgium,9/15/85,Ayrton Senna,LOTUS RENAULT,43,1:34:19
Great Britain,10/6/85,Nigel Mansell,WILLIAMS HONDA,75,1:32:58
South Africa,10/19/85,Nigel Mansell,WILLIAMS HONDA,75,1:28:22
Australia,11/3/85,Keke Rosberg,WILLIAMS HONDA,82,2:00:40
Brazil,3/23/86,Nelson Piquet,WILLIAMS HONDA,61,1:39:32
Spain,4/13/86,Ayrton Senna,LOTUS RENAULT,72,1:48:47
San Marino,4/27/86,Alain Prost,MCLAREN TAG,60,1:32:28
Monaco,5/11/86,Alain Prost,MCLAREN TAG,78,1:55:41
Belgium,5/25/86,Nigel Mansell,WILLIAMS HONDA,43,1:27:57
Canada,6/15/86,Nigel Mansell,WILLIAMS HONDA,69,1:42:26
United States,6/22/86,Ayrton Senna,LOTUS RENAULT,63,1:51:12
France,7/6/86,Nigel Mansell,WILLIAMS HONDA,80,1:37:19
Great Britain,7/13/86,Nigel Mansell,WILLIAMS HONDA,75,1:30:38
Germany,7/27/86,Nelson Piquet,WILLIAMS HONDA,44,1:22:08
Hungary,8/10/86,Nelson Piquet,WILLIAMS HONDA,76,2:00:34
Austria,8/17/86,Alain Prost,MCLAREN TAG,52,1:21:22
Italy,9/7/86,Nelson Piquet,WILLIAMS HONDA,51,1:17:42
Portugal,9/21/86,Nigel Mansell,WILLIAMS HONDA,70,1:37:21
Mexico,10/12/86,Gerhard Berger,BENETTON BMW,68,1:33:18
Australia,10/26/86,Alain Prost,MCLAREN TAG,82,1:54:20
Brazil,4/12/87,Alain Prost,MCLAREN TAG,61,1:39:45
San Marino,5/3/87,Nigel Mansell,WILLIAMS HONDA,59,1:31:24
Belgium,5/17/87,Alain Prost,MCLAREN TAG,43,1:27:03
Monaco,5/31/87,Ayrton Senna,LOTUS HONDA,78,1:57:54
United States,6/21/87,Ayrton Senna,LOTUS HONDA,63,1:50:16
France,7/5/87,Nigel Mansell,WILLIAMS HONDA,80,1:37:03
Great Britain,7/12/87,Nigel Mansell,WILLIAMS HONDA,65,1:19:11
Germany,7/26/87,Nelson Piquet,WILLIAMS HONDA,44,1:21:25
Hungary,8/9/87,Nelson Piquet,WILLIAMS HONDA,76,1:59:26
Austria,8/16/87,Nigel Mansell,WILLIAMS HONDA,52,1:18:44
Italy,9/6/87,Nelson Piquet,WILLIAMS HONDA,50,1:14:47
Portugal,9/20/87,Alain Prost,MCLAREN TAG,70,1:37:03
Spain,9/27/87,Nigel Mansell,WILLIAMS HONDA,72,1:49:12
Mexico,10/18/87,Nigel Mansell,WILLIAMS HONDA,63,1:26:24
Japan,11/1/87,Gerhard Berger,FERRARI,51,1:32:58
Australia,11/15/87,Gerhard Berger,FERRARI,82,1:52:56
Brazil,4/3/88,Alain Prost,MCLAREN HONDA,60,1:36:06
San Marino,5/1/88,Ayrton Senna,MCLAREN HONDA,60,1:32:41
Monaco,5/15/88,Alain Prost,MCLAREN HONDA,78,1:57:17
Mexico,5/29/88,Alain Prost,MCLAREN HONDA,67,1:30:15
Canada,6/12/88,Ayrton Senna,MCLAREN HONDA,69,1:39:46
United States,6/19/88,Ayrton Senna,MCLAREN HONDA,63,1:54:56
France,7/3/88,Alain Prost,MCLAREN HONDA,80,1:37:37
Great Britain,7/10/88,Ayrton Senna,MCLAREN HONDA,65,1:33:16
Germany,7/24/88,Ayrton Senna,MCLAREN HONDA,44,1:32:54
Hungary,8/7/88,Ayrton Senna,MCLAREN HONDA,76,1:57:47
Belgium,8/28/88,Ayrton Senna,MCLAREN HONDA,43,1:28:00
Italy,9/11/88,Gerhard Berger,FERRARI,51,1:17:39
Portugal,9/25/88,Alain Prost,MCLAREN HONDA,70,1:37:40
Spain,10/2/88,Alain Prost,MCLAREN HONDA,72,1:48:43
Japan,10/30/88,Ayrton Senna,MCLAREN HONDA,51,1:33:26
Australia,11/13/88,Alain Prost,MCLAREN HONDA,82,1:53:14
Brazil,3/26/89,Nigel Mansell,FERRARI,61,1:38:58
San Marino,4/23/89,Ayrton Senna,MCLAREN HONDA,58,1:26:51
Monaco,5/7/89,Ayrton Senna,MCLAREN HONDA,77,1:53:33
Mexico,5/28/89,Ayrton Senna,MCLAREN HONDA,69,1:35:21
United States,6/4/89,Alain Prost,MCLAREN HONDA,75,2:01:33
Canada,6/18/89,Thierry Boutsen,WILLIAMS RENAULT,69,2:01:24
France,7/9/89,Alain Prost,MCLAREN HONDA,80,1:38:29
Great Britain,7/16/89,Alain Prost,MCLAREN HONDA,64,1:19:22
Germany,7/30/89,Ayrton Senna,MCLAREN HONDA,45,1:21:43
Hungary,8/13/89,Nigel Mansell,FERRARI,77,1:49:38
Belgium,8/27/89,Ayrton Senna,MCLAREN HONDA,44,1:40:54
Italy,9/10/89,Alain Prost,MCLAREN HONDA,53,1:19:27
Portugal,9/24/89,Gerhard Berger,FERRARI,71,1:36:48
Spain,10/1/89,Ayrton Senna,MCLAREN HONDA,72,1:47:48
Japan,10/22/89,Alessandro Nannini,BENETTON FORD,53,1:35:06
Australia,11/5/89,Thierry Boutsen,WILLIAMS RENAULT,70,2:00:17
United States,3/11/90,Ayrton Senna,MCLAREN HONDA,72,1:52:32
Brazil,3/25/90,Alain Prost,FERRARI,71,1:37:21
San Marino,5/13/90,Riccardo Patrese,WILLIAMS RENAULT,61,1:30:55
Monaco,5/27/90,Ayrton Senna,MCLAREN HONDA,78,1:52:46
Canada,6/10/90,Ayrton Senna,MCLAREN HONDA,70,1:42:56
Mexico,6/24/90,Alain Prost,FERRARI,69,1:32:35
France,7/8/90,Alain Prost,FERRARI,80,1:33:29
Great Britain,7/15/90,Alain Prost,FERRARI,64,1:18:30
Germany,7/29/90,Ayrton Senna,MCLAREN HONDA,45,1:20:47
Hungary,8/12/90,Thierry Boutsen,WILLIAMS RENAULT,77,1:49:30
Belgium,8/26/90,Ayrton Senna,MCLAREN HONDA,44,1:26:31
Italy,9/9/90,Ayrton Senna,MCLAREN HONDA,53,1:17:57
Portugal,9/23/90,Nigel Mansell,FERRARI,61,1:22:11
Spain,9/30/90,Alain Prost,FERRARI,73,1:48:01
Japan,10/21/90,Nelson Piquet,BENETTON FORD,53,1:34:36
Australia,11/4/90,Nelson Piquet,BENETTON FORD,81,1:49:44
United States,3/10/91,Ayrton Senna,MCLAREN HONDA,81,2:00:47
Brazil,3/24/91,Ayrton Senna,MCLAREN HONDA,71,1:38:28
San Marino,4/28/91,Ayrton Senna,MCLAREN HONDA,61,1:35:14
Monaco,5/12/91,Ayrton Senna,MCLAREN HONDA,78,1:53:02
Canada,6/2/91,Nelson Piquet,BENETTON FORD,69,1:38:51
Mexico,6/16/91,Riccardo Patrese,WILLIAMS RENAULT,67,1:29:52
France,7/7/91,Nigel Mansell,WILLIAMS RENAULT,72,1:38:00
Great Britain,7/14/91,Nigel Mansell,WILLIAMS RENAULT,59,1:27:35
Germany,7/28/91,Nigel Mansell,WILLIAMS RENAULT,45,1:19:29
Hungary,8/11/91,Ayrton Senna,MCLAREN HONDA,77,1:49:12
Belgium,8/25/91,Ayrton Senna,MCLAREN HONDA,44,1:27:17
Italy,9/8/91,Nigel Mansell,WILLIAMS RENAULT,53,1:17:54
Portugal,9/22/91,Riccardo Patrese,WILLIAMS RENAULT,71,1:35:42
Spain,9/29/91,Nigel Mansell,WILLIAMS RENAULT,65,1:38:41
Japan,10/20/91,Gerhard Berger,MCLAREN HONDA,53,1:32:10
Australia,11/3/91,Ayrton Senna,MCLAREN HONDA,14,0:24:34
South Africa,3/1/92,Nigel Mansell,WILLIAMS RENAULT,72,1:36:45
Mexico,3/22/92,Nigel Mansell,WILLIAMS RENAULT,69,1:31:53
Brazil,4/5/92,Nigel Mansell,WILLIAMS RENAULT,71,1:36:51
Spain,5/3/92,Nigel Mansell,WILLIAMS RENAULT,65,1:56:10
San Marino,5/17/92,Nigel Mansell,WILLIAMS RENAULT,60,1:28:40
Monaco,5/31/92,Ayrton Senna,MCLAREN HONDA,78,1:50:59
Canada,6/14/92,Gerhard Berger,MCLAREN HONDA,69,1:37:08
France,7/5/92,Nigel Mansell,WILLIAMS RENAULT,69,1:38:08
Great Britain,7/12/92,Nigel Mansell,WILLIAMS RENAULT,59,1:25:42
Germany,7/26/92,Nigel Mansell,WILLIAMS RENAULT,45,1:18:22
Hungary,8/16/92,Ayrton Senna,MCLAREN HONDA,77,1:46:19
Belgium,8/30/92,Michael Schumacher,BENETTON FORD,44,1:36:10
Italy,9/13/92,Ayrton Senna,MCLAREN HONDA,53,1:18:15
Portugal,9/27/92,Nigel Mansell,WILLIAMS RENAULT,71,1:34:46
Japan,10/25/92,Riccardo Patrese,WILLIAMS RENAULT,53,1:33:09
Australia,11/8/92,Gerhard Berger,MCLAREN HONDA,82,1:46:54
South Africa,3/14/93,Alain Prost,WILLIAMS RENAULT,72,1:38:45
Brazil,3/28/93,Ayrton Senna,MCLAREN FORD,71,1:51:15
Brazil,4/11/93,Ayrton Senna,MCLAREN FORD,76,1:50:46
San Marino,4/25/93,Alain Prost,WILLIAMS RENAULT,61,1:33:20
Spain,5/9/93,Alain Prost,WILLIAMS RENAULT,65,1:32:27
Monaco,5/23/93,Ayrton Senna,MCLAREN FORD,78,1:52:10
Canada,6/13/93,Alain Prost,WILLIAMS RENAULT,69,1:36:41
France,7/4/93,Alain Prost,WILLIAMS RENAULT,72,1:38:35
Great Britain,7/11/93,Alain Prost,WILLIAMS RENAULT,59,1:25:38
Germany,7/25/93,Alain Prost,WILLIAMS RENAULT,45,1:18:40
Hungary,8/15/93,Damon Hill,WILLIAMS RENAULT,77,1:47:39
Belgium,8/29/93,Damon Hill,WILLIAMS RENAULT,44,1:24:32
Italy,9/12/93,Damon Hill,WILLIAMS RENAULT,53,1:17:07
Portugal,9/26/93,Michael Schumacher,BENETTON FORD,71,1:32:46
Japan,10/24/93,Ayrton Senna,MCLAREN FORD,53,1:40:27
Australia,11/7/93,Ayrton Senna,MCLAREN FORD,79,1:43:27
Brazil,3/27/94,Michael Schumacher,BENETTON FORD,71,1:35:38
Japan,4/17/94,Michael Schumacher,BENETTON FORD,83,1:46:01
San Marino,5/1/94,Michael Schumacher,BENETTON FORD,58,1:28:28
Monaco,5/15/94,Michael Schumacher,BENETTON FORD,78,1:49:55
Spain,5/29/94,Damon Hill,WILLIAMS RENAULT,65,1:36:14
Canada,6/12/94,Michael Schumacher,BENETTON FORD,69,1:44:31
France,7/3/94,Michael Schumacher,BENETTON FORD,72,1:38:35
Great Britain,7/10/94,Damon Hill,WILLIAMS RENAULT,60,1:30:03
Germany,7/31/94,Gerhard Berger,FERRARI,45,1:22:37
Hungary,8/14/94,Michael Schumacher,BENETTON FORD,77,1:48:00
Belgium,8/28/94,Damon Hill,WILLIAMS RENAULT,44,1:28:47
Italy,9/11/94,Damon Hill,WILLIAMS RENAULT,53,1:18:02
Portugal,9/25/94,Damon Hill,WILLIAMS RENAULT,71,1:41:10
Japan,10/16/94,Michael Schumacher,BENETTON FORD,69,1:40:26
Japan,11/6/94,Damon Hill,WILLIAMS RENAULT,50,1:55:53
Australia,11/13/94,Nigel Mansell,WILLIAMS RENAULT,81,1:47:51
Brazil,3/26/95,Michael Schumacher,BENETTON RENAULT,71,1:38:34
Argentina,4/9/95,Damon Hill,WILLIAMS RENAULT,71,1:51:39
San Marino,4/30/95,Damon Hill,WILLIAMS RENAULT,63,1:41:42
Spain,5/14/95,Michael Schumacher,BENETTON RENAULT,65,1:34:20
Monaco,5/28/95,Michael Schumacher,BENETTON RENAULT,78,1:53:11
Canada,6/11/95,Jean Alesi,FERRARI,69,1:46:31
France,7/2/95,Michael Schumacher,BENETTON RENAULT,72,1:38:28
Great Britain,7/16/95,Johnny Herbert,BENETTON RENAULT,61,1:34:35
Germany,7/30/95,Michael Schumacher,BENETTON RENAULT,45,1:22:56
Hungary,8/13/95,Damon Hill,WILLIAMS RENAULT,77,1:46:52
Belgium,8/27/95,Michael Schumacher,BENETTON RENAULT,44,1:36:47
Italy,9/10/95,Johnny Herbert,BENETTON RENAULT,53,1:18:27
Portugal,9/24/95,David Coulthard,WILLIAMS RENAULT,71,1:41:52
Germany,10/1/95,Michael Schumacher,BENETTON RENAULT,67,1:39:59
Japan,10/22/95,Michael Schumacher,BENETTON RENAULT,83,1:48:49
Japan,10/29/95,Michael Schumacher,BENETTON RENAULT,53,1:36:52
Australia,11/12/95,Damon Hill,WILLIAMS RENAULT,81,1:49:15
Australia,3/10/96,Damon Hill,WILLIAMS RENAULT,58,1:32:50
Brazil,3/31/96,Damon Hill,WILLIAMS RENAULT,71,1:49:52
Argentina,4/7/96,Damon Hill,WILLIAMS RENAULT,72,1:54:55
Germany,4/28/96,Jacques Villeneuve,WILLIAMS RENAULT,67,1:33:26
San Marino,5/5/96,Damon Hill,WILLIAMS RENAULT,63,1:35:26
Monaco,5/19/96,Olivier Panis,LIGIER MUGEN HONDA,75,2:00:45
Spain,6/2/96,Michael Schumacher,FERRARI,65,1:59:49
Canada,6/16/96,Damon Hill,WILLIAMS RENAULT,69,1:36:03
France,6/30/96,Damon Hill,WILLIAMS RENAULT,72,1:36:28
Great Britain,7/14/96,Jacques Villeneuve,WILLIAMS RENAULT,61,1:33:00
Germany,7/28/96,Damon Hill,WILLIAMS RENAULT,45,1:21:43
Hungary,8/11/96,Jacques Villeneuve,WILLIAMS RENAULT,77,1:46:21
Belgium,8/25/96,Michael Schumacher,FERRARI,44,1:28:15
Italy,9/8/96,Michael Schumacher,FERRARI,53,1:17:43
Portugal,9/22/96,Jacques Villeneuve,WILLIAMS RENAULT,70,1:40:22
Japan,10/13/96,Damon Hill,WILLIAMS RENAULT,52,1:32:33
Australia,3/9/97,David Coulthard,MCLAREN MERCEDES,58,1:30:28
Brazil,3/30/97,Jacques Villeneuve,WILLIAMS RENAULT,72,1:36:06
Argentina,4/13/97,Jacques Villeneuve,WILLIAMS RENAULT,72,1:52:01
San Marino,4/27/97,Heinz-Harald Frentzen,WILLIAMS RENAULT,62,1:31:00
Monaco,5/11/97,Michael Schumacher,FERRARI,62,2:00:05
Spain,5/25/97,Jacques Villeneuve,WILLIAMS RENAULT,64,1:30:35
Canada,6/15/97,Michael Schumacher,FERRARI,54,1:17:40
France,6/29/97,Michael Schumacher,FERRARI,72,1:38:50
Great Britain,7/13/97,Jacques Villeneuve,WILLIAMS RENAULT,59,1:28:01
Germany,7/27/97,Gerhard Berger,BENETTON RENAULT,45,1:20:59
Hungary,8/10/97,Jacques Villeneuve,WILLIAMS RENAULT,77,1:45:47
Belgium,8/24/97,Michael Schumacher,FERRARI,44,1:33:46
Italy,9/7/97,David Coulthard,MCLAREN MERCEDES,53,1:17:04
Austria,9/21/97,Jacques Villeneuve,WILLIAMS RENAULT,71,1:27:35
Luxembourg,9/28/97,Jacques Villeneuve,WILLIAMS RENAULT,67,1:31:27
Japan,10/12/97,Michael Schumacher,FERRARI,53,1:29:48
Spain,10/26/97,Mika Hakkinen,MCLAREN MERCEDES,69,1:38:57
Australia,3/8/98,Mika Hakkinen,MCLAREN MERCEDES,58,1:31:45
Brazil,3/29/98,Mika Hakkinen,MCLAREN MERCEDES,72,1:37:11
Argentina,4/12/98,Michael Schumacher,FERRARI,72,1:48:36
San Marino,4/26/98,David Coulthard,MCLAREN MERCEDES,62,1:34:24
Spain,5/10/98,Mika Hakkinen,MCLAREN MERCEDES,65,1:33:37
Monaco,5/24/98,Mika Hakkinen,MCLAREN MERCEDES,78,1:51:23
Canada,6/7/98,Michael Schumacher,FERRARI,69,1:40:57
France,6/28/98,Michael Schumacher,FERRARI,71,1:34:45
Great Britain,7/12/98,Michael Schumacher,FERRARI,60,1:47:02
Austria,7/26/98,Mika Hakkinen,MCLAREN MERCEDES,71,1:30:44
Germany,8/2/98,Mika Hakkinen,MCLAREN MERCEDES,45,1:20:47
Hungary,8/16/98,Michael Schumacher,FERRARI,77,1:45:25
Belgium,8/30/98,Damon Hill,JORDAN MUGEN HONDA,44,1:43:47
Italy,9/13/98,Michael Schumacher,FERRARI,53,1:17:09
Luxembourg,9/27/98,Mika Hakkinen,MCLAREN MERCEDES,67,1:32:14
Japan,11/1/98,Mika Hakkinen,MCLAREN MERCEDES,51,1:27:22
Australia,3/7/99,Eddie Irvine,FERRARI,57,1:35:01
Brazil,4/11/99,Mika Hakkinen,MCLAREN MERCEDES,72,1:36:03
San Marino,5/2/99,Michael Schumacher,FERRARI,62,1:33:44
Monaco,5/16/99,Michael Schumacher,FERRARI,78,1:49:31
Spain,5/30/99,Mika Hakkinen,MCLAREN MERCEDES,65,1:34:13
Canada,6/13/99,Mika Hakkinen,MCLAREN MERCEDES,69,1:41:35
France,6/27/99,Heinz-Harald Frentzen,JORDAN MUGEN HONDA,72,1:58:24
Great Britain,7/11/99,David Coulthard,MCLAREN MERCEDES,60,1:32:30
Austria,7/25/99,Eddie Irvine,FERRARI,71,1:28:12
Germany,8/1/99,Eddie Irvine,FERRARI,45,1:21:58
Hungary,8/15/99,Mika Hakkinen,MCLAREN MERCEDES,77,1:46:23
Belgium,8/29/99,David Coulthard,MCLAREN MERCEDES,44,1:25:43
Italy,9/12/99,Heinz-Harald Frentzen,JORDAN MUGEN HONDA,53,1:17:02
Germany,9/26/99,Johnny Herbert,STEWART FORD,66,1:41:54
Malaysia,10/17/99,Eddie Irvine,FERRARI,56,1:36:38
Japan,10/31/99,Mika Hakkinen,MCLAREN MERCEDES,53,1:31:18
Australia,3/12/00,Michael Schumacher,FERRARI,58,1:34:01
Brazil,3/26/00,Michael Schumacher,FERRARI,71,1:31:25
San Marino,4/9/00,Michael Schumacher,FERRARI,62,1:31:29
Great Britain,4/23/00,David Coulthard,MERCEDES-BENZ,60,1:28:50
Spain,5/7/00,Mika Hakkinen,MERCEDES-BENZ,65,1:33:55
Spain,5/21/00,Michael Schumacher,FERRARI,67,1:42:00
Monaco,6/4/00,David Coulthard,MERCEDES-BENZ,78,1:49:28
Canada,6/18/00,Michael Schumacher,FERRARI,69,1:41:12
France,7/2/00,David Coulthard,MERCEDES-BENZ,72,1:38:05
Austria,7/16/00,Mika Hakkinen,MERCEDES-BENZ,71,1:28:15
Germany,7/30/00,Rubens Barrichello,FERRARI,45,1:25:34
Hungary,8/13/00,Mika Hakkinen,MERCEDES-BENZ,77,1:45:33
Belgium,8/27/00,Mika Hakkinen,MERCEDES-BENZ,44,1:28:14
Italy,9/10/00,Michael Schumacher,FERRARI,53,1:27:31
United States,9/24/00,Michael Schumacher,FERRARI,73,1:36:30
Japan,10/8/00,Michael Schumacher,FERRARI,53,1:29:53
Malaysia,10/22/00,Michael Schumacher,FERRARI,56,1:35:54
Australia,3/4/01,Michael Schumacher,FERRARI,58,1:38:26
Malaysia,3/18/01,Michael Schumacher,FERRARI,55,1:47:34
Brazil,4/1/01,David Coulthard,MERCEDES-BENZ,71,1:39:00
San Marino,4/15/01,Ralf Schumacher,BMW,62,1:30:44
Spain,4/29/01,Michael Schumacher,FERRARI,65,1:31:03
Austria,5/13/01,David Coulthard,MERCEDES-BENZ,71,1:27:45
Monaco,5/27/01,Michael Schumacher,FERRARI,78,1:47:22
Canada,6/10/01,Ralf Schumacher,BMW,69,1:34:31
Germany,6/24/01,Michael Schumacher,FERRARI,67,1:29:42
France,7/1/01,Michael Schumacher,FERRARI,72,1:33:35
Great Britain,7/15/01,Mika Hakkinen,MERCEDES-BENZ,60,1:25:33
Germany,7/29/01,Ralf Schumacher,BMW,45,1:18:17
Hungary,8/19/01,Michael Schumacher,FERRARI,77,1:41:49
Belgium,9/2/01,Michael Schumacher,FERRARI,36,1:08:05
Italy,9/16/01,Juan Pablo Montoya,BMW,53,1:16:58
United States,9/30/01,Mika Hakkinen,MERCEDES-BENZ,73,1:32:42
Japan,10/14/01,Michael Schumacher,FERRARI,53,1:27:33
Australia,3/3/02,Michael Schumacher,FERRARI,58,1:35:36
Malaysia,3/17/02,Ralf Schumacher,WILLIAMS BMW,56,1:34:12
Brazil,3/31/02,Michael Schumacher,FERRARI,71,1:31:43
San Marino,4/14/02,Michael Schumacher,FERRARI,62,1:29:10
Spain,4/28/02,Michael Schumacher,FERRARI,65,1:30:29
Austria,5/12/02,Michael Schumacher,FERRARI,71,1:33:51
Monaco,5/26/02,David Coulthard,MCLAREN MERCEDES,78,1:45:39
Canada,6/9/02,Michael Schumacher,FERRARI,70,1:33:36
Germany,6/23/02,Rubens Barrichello,FERRARI,60,1:35:07
Great Britain,7/7/02,Michael Schumacher,FERRARI,60,1:31:45
France,7/21/02,Michael Schumacher,FERRARI,72,1:32:09
Germany,7/28/02,Michael Schumacher,FERRARI,67,1:27:52
Hungary,8/18/02,Rubens Barrichello,FERRARI,77,1:41:49
Belgium,9/1/02,Michael Schumacher,FERRARI,44,1:21:20
Italy,9/15/02,Rubens Barrichello,FERRARI,53,1:16:19
United States,9/29/02,Rubens Barrichello,FERRARI,73,1:31:07
Japan,10/13/02,Michael Schumacher,FERRARI,53,1:26:59
Australia,3/9/03,David Coulthard,MCLAREN MERCEDES,58,1:34:42
Malaysia,3/23/03,Kimi RŠikkšnen,MCLAREN MERCEDES,56,1:32:22
Brazil,4/6/03,Giancarlo Fisichella,JORDAN FORD,54,1:31:17
San Marino,4/20/03,Michael Schumacher,FERRARI,62,1:28:12
Spain,5/4/03,Michael Schumacher,FERRARI,65,1:33:46
Austria,5/18/03,Michael Schumacher,FERRARI,69,1:24:04
Monaco,6/1/03,Juan Pablo Montoya,WILLIAMS BMW,78,1:42:19
Canada,6/15/03,Michael Schumacher,FERRARI,70,1:31:13
Germany,6/29/03,Ralf Schumacher,WILLIAMS BMW,60,1:34:43
France,7/6/03,Ralf Schumacher,WILLIAMS BMW,70,1:30:49
Great Britain,7/20/03,Rubens Barrichello,FERRARI,60,1:28:37
Germany,8/3/03,Juan Pablo Montoya,WILLIAMS BMW,67,1:28:48
Hungary,8/24/03,Fernando Alonso,RENAULT,70,1:39:01
Italy,9/14/03,Michael Schumacher,FERRARI,53,1:14:19
United States,9/28/03,Michael Schumacher,FERRARI,73,1:33:35
Japan,10/12/03,Rubens Barrichello,FERRARI,53,1:25:11
Australia,3/7/04,Michael Schumacher,FERRARI,58,1:24:15
Malaysia,3/21/04,Michael Schumacher,FERRARI,56,1:31:07
Bahrain,4/4/04,Michael Schumacher,FERRARI,57,1:28:34
San Marino,4/25/04,Michael Schumacher,FERRARI,62,1:26:19
Spain,5/9/04,Michael Schumacher,FERRARI,66,1:27:32
Monaco,5/23/04,Jarno Trulli,RENAULT,77,1:45:46
Germany,5/30/04,Michael Schumacher,FERRARI,60,1:32:35
Canada,6/13/04,Michael Schumacher,FERRARI,70,1:28:24
United States,6/20/04,Michael Schumacher,FERRARI,73,1:40:29
France,7/4/04,Michael Schumacher,FERRARI,70,1:30:18
Great Britain,7/11/04,Michael Schumacher,FERRARI,60,1:24:42
Germany,7/25/04,Michael Schumacher,FERRARI,66,1:23:54
Hungary,8/15/04,Michael Schumacher,FERRARI,70,1:35:26
Belgium,8/29/04,Kimi RŠikkšnen,MCLAREN MERCEDES,44,1:32:35
Italy,9/12/04,Rubens Barrichello,FERRARI,53,1:15:18
China,9/26/04,Rubens Barrichello,FERRARI,56,1:29:12
Japan,10/10/04,Michael Schumacher,FERRARI,53,1:24:26
Brazil,10/24/04,Juan Pablo Montoya,WILLIAMS BMW,71,1:28:01
Australia,3/6/05,Giancarlo Fisichella,RENAULT,57,1:24:17
Malaysia,3/20/05,Fernando Alonso,RENAULT,56,1:31:33
Bahrain,4/3/05,Fernando Alonso,RENAULT,57,1:29:18
San Marino,4/24/05,Fernando Alonso,RENAULT,62,1:27:41
Spain,5/8/05,Kimi RŠikkšnen,MCLAREN MERCEDES,66,1:27:16
Monaco,5/22/05,Kimi RŠikkšnen,MCLAREN MERCEDES,78,1:45:15
Germany,5/29/05,Fernando Alonso,RENAULT,59,1:31:46
Canada,6/12/05,Kimi RŠikkšnen,MCLAREN MERCEDES,70,1:32:09
United States,6/19/05,Michael Schumacher,FERRARI,73,1:29:43
France,7/3/05,Fernando Alonso,RENAULT,70,1:31:22
Great Britain,7/10/05,Juan Pablo Montoya,MCLAREN MERCEDES,60,1:24:29
Germany,7/24/05,Fernando Alonso,RENAULT,67,1:26:28
Hungary,7/31/05,Kimi RŠikkšnen,MCLAREN MERCEDES,70,1:37:25
Turkey,8/21/05,Kimi RŠikkšnen,MCLAREN MERCEDES,58,1:24:34
Italy,9/4/05,Juan Pablo Montoya,MCLAREN MERCEDES,53,1:14:28
Belgium,9/11/05,Kimi RŠikkšnen,MCLAREN MERCEDES,44,1:30:01
Brazil,9/25/05,Juan Pablo Montoya,MCLAREN MERCEDES,71,1:29:20
Japan,10/9/05,Kimi RŠikkšnen,MCLAREN MERCEDES,53,1:29:02
China,10/16/05,Fernando Alonso,RENAULT,56,1:39:53
Bahrain,3/12/06,Fernando Alonso,RENAULT,57,1:29:46
Malaysia,3/19/06,Giancarlo Fisichella,RENAULT,56,1:30:40
Australia,4/2/06,Fernando Alonso,RENAULT,57,1:34:27
San Marino,4/23/06,Michael Schumacher,FERRARI,62,1:31:06
Germany,5/7/06,Michael Schumacher,FERRARI,60,1:35:58
Spain,5/14/06,Fernando Alonso,RENAULT,66,1:26:21
Monaco,5/28/06,Fernando Alonso,RENAULT,78,1:43:43
Great Britain,6/11/06,Fernando Alonso,RENAULT,60,1:25:51
Canada,6/25/06,Fernando Alonso,RENAULT,70,1:34:37
United States,7/2/06,Michael Schumacher,FERRARI,73,1:34:35
France,7/16/06,Michael Schumacher,FERRARI,70,1:32:07
Germany,7/30/06,Michael Schumacher,FERRARI,67,1:27:51
Hungary,8/6/06,Jenson Button,HONDA,70,1:52:20
Turkey,8/27/06,Felipe Massa,FERRARI,58,1:28:51
Italy,9/10/06,Michael Schumacher,FERRARI,53,1:14:51
China,10/1/06,Michael Schumacher,FERRARI,56,1:37:32
Japan,10/8/06,Fernando Alonso,RENAULT,53,1:23:53
Brazil,10/22/06,Felipe Massa,FERRARI,71,1:31:53
Australia,3/18/07,Kimi RŠikkšnen,FERRARI,58,1:25:28
Malaysia,4/8/07,Fernando Alonso,MCLAREN MERCEDES,56,1:32:14
Bahrain,4/15/07,Felipe Massa,FERRARI,57,1:33:27
Spain,5/13/07,Felipe Massa,FERRARI,65,1:31:36
Monaco,5/27/07,Fernando Alonso,MCLAREN MERCEDES,78,1:40:29
Canada,6/10/07,Lewis Hamilton,MCLAREN MERCEDES,70,1:44:11
United States,6/17/07,Lewis Hamilton,MCLAREN MERCEDES,73,1:31:09
France,7/1/07,Kimi RŠikkšnen,FERRARI,70,1:30:54
Great Britain,7/8/07,Kimi RŠikkšnen,FERRARI,59,1:21:43
Germany,7/22/07,Fernando Alonso,MCLAREN MERCEDES,60,2:06:26
Hungary,8/5/07,Lewis Hamilton,MCLAREN MERCEDES,70,1:35:52
Turkey,8/26/07,Felipe Massa,FERRARI,58,1:26:42
Italy,9/9/07,Fernando Alonso,MCLAREN MERCEDES,53,1:18:37
Belgium,9/16/07,Kimi RŠikkšnen,FERRARI,44,1:20:39
Japan,9/30/07,Lewis Hamilton,MCLAREN MERCEDES,67,2:00:34
China,10/7/07,Kimi RŠikkšnen,FERRARI,56,1:37:58
Brazil,10/21/07,Kimi RŠikkšnen,FERRARI,71,1:28:15
Australia,3/16/08,Lewis Hamilton,MCLAREN MERCEDES,58,1:34:50
Malaysia,3/23/08,Kimi RŠikkšnen,FERRARI,56,1:31:18
Bahrain,4/6/08,Felipe Massa,FERRARI,57,1:31:06
Spain,4/27/08,Kimi RŠikkšnen,FERRARI,66,1:38:19
Turkey,5/11/08,Felipe Massa,FERRARI,58,1:26:49
Monaco,5/25/08,Lewis Hamilton,MCLAREN MERCEDES,76,2:00:42
Canada,6/8/08,Robert Kubica,SAUBER BMW,70,1:36:24
France,6/22/08,Felipe Massa,FERRARI,70,1:31:50
Great Britain,7/6/08,Lewis Hamilton,MCLAREN MERCEDES,60,1:39:09
Germany,7/20/08,Lewis Hamilton,MCLAREN MERCEDES,67,1:31:20
Hungary,8/3/08,Heikki Kovalainen,MCLAREN MERCEDES,70,1:37:27
Spain,8/24/08,Felipe Massa,FERRARI,57,1:35:32
Belgium,9/7/08,Felipe Massa,FERRARI,44,1:22:59
Italy,9/14/08,Sebastian Vettel,STR FERRARI,53,1:26:47
Singapore,9/28/08,Fernando Alonso,RENAULT,61,1:57:16
Japan,10/12/08,Fernando Alonso,RENAULT,67,1:30:21
China,10/19/08,Lewis Hamilton,MCLAREN MERCEDES,56,1:31:57
Brazil,11/2/08,Felipe Massa,FERRARI,71,1:34:11
Australia,3/29/09,Jenson Button,BRAWN MERCEDES,58,1:34:15
Malaysia,4/5/09,Jenson Button,BRAWN MERCEDES,31,0:55:30
China,4/19/09,Sebastian Vettel,RBR RENAULT,56,1:57:43
Bahrain,4/26/09,Jenson Button,BRAWN MERCEDES,57,1:31:48
Spain,5/10/09,Jenson Button,BRAWN MERCEDES,66,1:37:19
Monaco,5/24/09,Jenson Button,BRAWN MERCEDES,78,1:40:44
Turkey,6/7/09,Jenson Button,BRAWN MERCEDES,58,1:26:24
Great Britain,6/21/09,Sebastian Vettel,RBR RENAULT,60,1:22:49
Germany,7/12/09,Mark Webber,RBR RENAULT,60,1:36:43
Hungary,7/26/09,Lewis Hamilton,MCLAREN MERCEDES,70,1:38:23
Spain,8/23/09,Rubens Barrichello,BRAWN MERCEDES,57,1:35:51
Belgium,8/30/09,Kimi RŠikkšnen,FERRARI,44,1:23:50
Italy,9/13/09,Rubens Barrichello,BRAWN MERCEDES,53,1:16:21
Singapore,9/27/09,Lewis Hamilton,MCLAREN MERCEDES,61,1:56:06
Japan,10/4/09,Sebastian Vettel,RBR RENAULT,53,1:28:20
Brazil,10/18/09,Mark Webber,RBR RENAULT,71,1:32:23
United Arab Emirates,11/1/09,Sebastian Vettel,RBR RENAULT,55,1:34:03
Bahrain,3/14/10,Fernando Alonso,FERRARI,49,1:39:20
Australia,3/28/10,Jenson Button,MCLAREN MERCEDES,58,1:33:36
Malaysia,4/4/10,Sebastian Vettel,RBR RENAULT,56,1:33:48
China,4/18/10,Jenson Button,MCLAREN MERCEDES,56,1:46:42
Spain,5/9/10,Mark Webber,RBR RENAULT,66,1:35:44
Monaco,5/16/10,Mark Webber,RBR RENAULT,78,1:50:13
Turkey,5/30/10,Lewis Hamilton,MCLAREN MERCEDES,58,1:28:47
Canada,6/13/10,Lewis Hamilton,MCLAREN MERCEDES,70,1:33:53
Spain,6/27/10,Sebastian Vettel,RBR RENAULT,57,1:40:29
Great Britain,7/11/10,Mark Webber,RBR RENAULT,52,1:24:38
Germany,7/25/10,Fernando Alonso,FERRARI,67,1:27:38
Hungary,8/1/10,Mark Webber,RBR RENAULT,70,1:41:05
Belgium,8/29/10,Lewis Hamilton,MCLAREN MERCEDES,44,1:29:04
Italy,9/12/10,Fernando Alonso,FERRARI,53,1:16:24
Singapore,9/26/10,Fernando Alonso,FERRARI,61,1:57:53
Japan,10/10/10,Sebastian Vettel,RBR RENAULT,53,1:30:27
South Korea,10/24/10,Fernando Alonso,FERRARI,55,2:48:20
Brazil,11/7/10,Sebastian Vettel,RBR RENAULT,71,1:33:11
United Arab Emirates,11/14/10,Sebastian Vettel,RBR RENAULT,55,1:39:36
Australia,3/27/11,Sebastian Vettel,RED BULL RACING RENAULT,58,1:29:30
Malaysia,4/10/11,Sebastian Vettel,RED BULL RACING RENAULT,56,1:37:39
China,4/17/11,Lewis Hamilton,MCLAREN MERCEDES,56,1:36:58
Turkey,5/8/11,Sebastian Vettel,RED BULL RACING RENAULT,58,1:30:17
Spain,5/22/11,Sebastian Vettel,RED BULL RACING RENAULT,66,1:39:03
Monaco,5/29/11,Sebastian Vettel,RED BULL RACING RENAULT,78,2:09:38
Canada,6/12/11,Jenson Button,MCLAREN MERCEDES,70,4:04:39
Spain,6/26/11,Sebastian Vettel,RED BULL RACING RENAULT,57,1:39:36
Great Britain,7/10/11,Fernando Alonso,FERRARI,52,1:28:41
Germany,7/24/11,Lewis Hamilton,MCLAREN MERCEDES,60,1:37:30
Hungary,7/31/11,Jenson Button,MCLAREN MERCEDES,70,1:46:42
Belgium,8/28/11,Sebastian Vettel,RED BULL RACING RENAULT,44,1:26:44
Italy,9/11/11,Sebastian Vettel,RED BULL RACING RENAULT,53,1:20:46
Singapore,9/25/11,Sebastian Vettel,RED BULL RACING RENAULT,61,1:59:06
Japan,10/9/11,Jenson Button,MCLAREN MERCEDES,53,1:30:53
South Korea,10/16/11,Sebastian Vettel,RED BULL RACING RENAULT,55,1:38:01
India,10/30/11,Sebastian Vettel,RED BULL RACING RENAULT,60,1:30:35
United Arab Emirates,11/13/11,Lewis Hamilton,MCLAREN MERCEDES,55,1:37:11
Brazil,11/27/11,Mark Webber,RED BULL RACING RENAULT,71,1:32:17
Australia,3/18/12,Jenson Button,MCLAREN MERCEDES,58,1:34:09
Malaysia,3/25/12,Fernando Alonso,FERRARI,56,2:44:51
China,4/15/12,Nico Rosberg,MERCEDES-BENZ,56,1:36:26
Bahrain,4/22/12,Sebastian Vettel,RED BULL RACING RENAULT,57,1:35:10
Spain,5/13/12,Pastor Maldonado,WILLIAMS RENAULT,66,1:39:09
Monaco,5/27/12,Mark Webber,RED BULL RACING RENAULT,78,1:46:06
Canada,6/10/12,Lewis Hamilton,MCLAREN MERCEDES,70,1:32:29
Spain,6/24/12,Fernando Alonso,FERRARI,57,1:44:16
Great Britain,7/8/12,Mark Webber,RED BULL RACING RENAULT,52,1:25:11
Germany,7/22/12,Fernando Alonso,FERRARI,67,1:31:05
Hungary,7/29/12,Lewis Hamilton,MCLAREN MERCEDES,69,1:41:05
Belgium,9/2/12,Jenson Button,MCLAREN MERCEDES,44,1:29:08
Italy,9/9/12,Lewis Hamilton,MCLAREN MERCEDES,53,1:19:41
Singapore,9/23/12,Sebastian Vettel,RED BULL RACING RENAULT,59,2:00:26
Japan,10/7/12,Sebastian Vettel,RED BULL RACING RENAULT,53,1:28:56
South Korea,10/14/12,Sebastian Vettel,RED BULL RACING RENAULT,55,1:36:28
India,10/28/12,Sebastian Vettel,RED BULL RACING RENAULT,60,1:31:10
United Arab Emirates,11/4/12,Kimi RŠikkšnen,LOTUS RENAULT,55,1:45:58
United States,11/18/12,Lewis Hamilton,MCLAREN MERCEDES,56,1:35:55
Brazil,11/25/12,Jenson Button,MCLAREN MERCEDES,71,1:45:22
Australia,3/17/13,Kimi RŠikkšnen,LOTUS RENAULT,58,1:30:03
Malaysia,3/24/13,Sebastian Vettel,RED BULL RACING RENAULT,56,01:38.6
China,4/14/13,Fernando Alonso,FERRARI,56,1:36:26
Bahrain,4/21/13,Sebastian Vettel,RED BULL RACING RENAULT,57,1:36:00
Spain,5/12/13,Fernando Alonso,FERRARI,66,1:39:16
Monaco,5/26/13,Nico Rosberg,MERCEDES-BENZ,78,2:17:52
Canada,6/9/13,Sebastian Vettel,RED BULL RACING RENAULT,70,1:32:09
Great Britain,6/30/13,Nico Rosberg,MERCEDES-BENZ,52,1:32:59
Germany,7/7/13,Sebastian Vettel,RED BULL RACING RENAULT,60,1:41:14
Hungary,7/28/13,Lewis Hamilton,MERCEDES-BENZ,70,1:42:29
Belgium,8/25/13,Sebastian Vettel,RED BULL RACING RENAULT,44,1:23:42
Italy,9/8/13,Sebastian Vettel,RED BULL RACING RENAULT,53,1:18:33
Singapore,9/22/13,Sebastian Vettel,RED BULL RACING RENAULT,61,1:59:13
South Korea,10/6/13,Sebastian Vettel,RED BULL RACING RENAULT,55,1:43:13
Japan,10/13/13,Sebastian Vettel,RED BULL RACING RENAULT,53,1:26:49
India,10/27/13,Sebastian Vettel,RED BULL RACING RENAULT,60,1:31:12
United Arab Emirates,11/3/13,Sebastian Vettel,RED BULL RACING RENAULT,55,1:38:17
United States,11/17/13,Sebastian Vettel,RED BULL RACING RENAULT,56,1:39:17
Brazil,11/24/13,Sebastian Vettel,RED BULL RACING RENAULT,71,1:32:36
Australia,3/16/14,Nico Rosberg,MERCEDES-BENZ,57,1:32:58
Malaysia,3/30/14,Lewis Hamilton,MERCEDES-BENZ,56,1:40:25
Bahrain,4/6/14,Lewis Hamilton,MERCEDES-BENZ,57,1:39:42
China,4/20/14,Lewis Hamilton,MERCEDES-BENZ,54,1:33:28
Spain,5/11/14,Lewis Hamilton,MERCEDES-BENZ,66,1:41:05
Monaco,5/25/14,Nico Rosberg,MERCEDES-BENZ,78,1:49:27
Canada,6/8/14,Daniel Ricciardo,RED BULL RACING RENAULT,70,1:39:12
Austria,6/22/14,Nico Rosberg,MERCEDES-BENZ,71,1:27:54
Great Britain,7/6/14,Lewis Hamilton,MERCEDES-BENZ,52,2:26:52
Germany,7/20/14,Nico Rosberg,MERCEDES-BENZ,67,1:33:42
Hungary,7/27/14,Daniel Ricciardo,RED BULL RACING RENAULT,70,1:53:05
Belgium,8/24/14,Daniel Ricciardo,RED BULL RACING RENAULT,44,1:24:36
Italy,9/7/14,Lewis Hamilton,MERCEDES-BENZ,53,1:19:10
Singapore,9/21/14,Lewis Hamilton,MERCEDES-BENZ,60,2:00:04
Japan,10/5/14,Lewis Hamilton,MERCEDES-BENZ,44,1:51:43
Russia,10/21/14,Lewis Hamilton,MERCEDES-BENZ,53,1:31:50
United States,11/2/14,Lewis Hamilton,MERCEDES-BENZ,56,1:40:04
Brazil,11/9/14,Nico Rosberg,MERCEDES-BENZ,71,1:30:02
United Arab Emirates,11/23/14,Lewis Hamilton,MERCEDES-BENZ,55,1:39:02
Australia,3/15/15,Lewis Hamilton,MERCEDES-BENZ,58,1:31:54
Malaysia,3/29/15,Sebastian Vettel,FERRARI,56,1:41:05
China,4/12/15,Lewis Hamilton,MERCEDES-BENZ,56,1:39:42
Bahrain,4/19/15,Lewis Hamilton,MERCEDES-BENZ,57,1:35:05
Spain,5/10/15,Nico Rosberg,MERCEDES-BENZ,66,1:41:12
Monaco,5/24/15,Nico Rosberg,MERCEDES-BENZ,78,1:49:18
Canada,6/7/15,Lewis Hamilton,MERCEDES-BENZ,70,1:31:53
Austria,6/21/15,Nico Rosberg,MERCEDES-BENZ,71,1:30:16
Great Britain,7/5/15,Lewis Hamilton,MERCEDES-BENZ,52,1:31:27
Hungary,7/26/15,Sebastian Vettel,FERRARI,69,1:46:09
Belgium,8/23/15,Lewis Hamilton,MERCEDES-BENZ,43,1:23:40
Italy,9/6/15,Lewis Hamilton,MERCEDES-BENZ,53,1:18:00
Singapore,9/20/15,Sebastian Vettel,FERRARI,61,2:01:22
Japan,9/27/15,Lewis Hamilton,MERCEDES-BENZ,53,1:28:06
Russia,10/11/15,Lewis Hamilton,MERCEDES-BENZ,53,1:37:11
United States,10/25/15,Lewis Hamilton,MERCEDES-BENZ,56,1:50:52
Mexico,11/1/15,Nico Rosberg,MERCEDES-BENZ,71,1:42:35
Brazil,11/15/15,Nico Rosberg,MERCEDES-BENZ,71,1:31:09
United Arab Emirates,11/29/15,Nico Rosberg,MERCEDES-BENZ,55,1:38:30
Australia,3/20/16,Nico Rosberg,MERCEDES-BENZ,57,1:48:15
Bahrain,4/3/16,Nico Rosberg,MERCEDES-BENZ,57,1:33:34
China,4/17/16,Nico Rosberg,MERCEDES-BENZ,56,1:38:53
Russia,5/1/16,Nico Rosberg,MERCEDES-BENZ,53,1:32:41
Spain,5/15/16,Max Verstappen,RED BULL RACING TAG HEUER,66,1:41:40
Monaco,5/29/16,Lewis Hamilton,MERCEDES-BENZ,78,1:59:29
Canada,6/12/16,Lewis Hamilton,MERCEDES-BENZ,70,1:31:05
Azerbaijan,6/19/16,Nico Rosberg,MERCEDES-BENZ,51,1:32:52
Austria,7/3/16,Lewis Hamilton,MERCEDES-BENZ,71,1:27:38
Great Britain,7/10/16,Lewis Hamilton,MERCEDES-BENZ,52,1:34:55
Hungary,7/24/16,Lewis Hamilton,MERCEDES-BENZ,70,1:40:30
Germany,7/31/16,Lewis Hamilton,MERCEDES-BENZ,67,1:30:44
Belgium,8/28/16,Nico Rosberg,MERCEDES-BENZ,44,1:44:51
Italy,9/4/16,Nico Rosberg,MERCEDES-BENZ,53,1:17:28
Singapore,9/18/16,Nico Rosberg,MERCEDES-BENZ,61,1:55:48
Malaysia,10/2/16,Daniel Ricciardo,RED BULL RACING TAG HEUER,56,1:37:12
Japan,10/9/16,Nico Rosberg,MERCEDES-BENZ,53,1:26:43
United States,10/23/16,Lewis Hamilton,MERCEDES-BENZ,56,1:38:12
Mexico,10/30/16,Lewis Hamilton,MERCEDES-BENZ,71,1:40:31
Brazil,11/13/16,Lewis Hamilton,MERCEDES-BENZ,71,3:01:01
United Arab Emirates,11/27/16,Lewis Hamilton,MERCEDES-BENZ,55,1:38:04
Australia,3/26/17,Sebastian Vettel,FERRARI,57,1:24:11
China,4/9/17,Lewis Hamilton,MERCEDES-BENZ,56,1:37:36
Bahrain,4/16/17,Sebastian Vettel,FERRARI,57,1:33:53
Russia,4/30/17,Valtteri Bottas,MERCEDES-BENZ,52,1:28:08
Spain,5/14/17,Lewis Hamilton,MERCEDES-BENZ,66,1:35:56
Monaco,5/28/17,Sebastian Vettel,FERRARI,78,1:44:44
Canada,6/11/17,Lewis Hamilton,MERCEDES-BENZ,70,1:33:05
Azerbaijan,6/25/17,Daniel Ricciardo,RED BULL RACING TAG HEUER,51,2:03:55
Austria,7/9/17,Valtteri Bottas,MERCEDES-BENZ,71,1:21:48
Great Britain,7/16/17,Lewis Hamilton,MERCEDES-BENZ,51,1:21:48
Hungary,7/30/17,Sebastian Vettel,FERRARI,70,1:39:46
Belgium,8/27/17,Lewis Hamilton,MERCEDES-BENZ,44,1:24:42
Italy,9/3/17,Lewis Hamilton,MERCEDES-BENZ,53,1:15:32
Singapore,9/17/17,Lewis Hamilton,MERCEDES-BENZ,58,2:03:23
Malaysia,10/1/17,Max Verstappen,RED BULL RACING TAG HEUER,56,1:30:01
Japan,10/8/17,Lewis Hamilton,MERCEDES-BENZ,53,1:27:31
United States,10/22/17,Lewis Hamilton,MERCEDES-BENZ,56,1:33:50
Mexico,10/29/17,Max Verstappen,RED BULL RACING TAG HEUER,71,1:36:26
Brazil,11/12/17,Sebastian Vettel,FERRARI,71,1:31:26
United Arab Emirates,11/26/17,Valtteri Bottas,MERCEDES-BENZ,55,1:34:14
Australia,3/25/18,Sebastian Vettel,FERRARI,58,1:29:33
Bahrain,4/8/18,Sebastian Vettel,FERRARI,57,1:32:01
China,4/15/18,Daniel Ricciardo,RED BULL RACING TAG HEUER,56,1:35:36
Azerbaijan,4/29/18,Lewis Hamilton,MERCEDES-BENZ,51,1:43:44
Spain,5/13/18,Lewis Hamilton,MERCEDES-BENZ,66,1:35:29
Monaco,5/27/18,Daniel Ricciardo,RED BULL RACING TAG HEUER,78,1:42:54
Canada,6/10/18,Sebastian Vettel,FERRARI,68,1:28:31
France,6/24/18,Lewis Hamilton,MERCEDES-BENZ,53,1:30:11
Austria,7/1/18,Max Verstappen,RED BULL RACING TAG HEUER,71,1:21:56
Great Britain,7/8/18,Sebastian Vettel,FERRARI,52,1:27:29
Germany,7/22/18,Lewis Hamilton,MERCEDES-BENZ,67,1:32:29
Hungary,7/29/18,Lewis Hamilton,MERCEDES-BENZ,70,1:37:16
Belgium,8/26/18,Sebastian Vettel,FERRARI,44,1:23:34
Italy,9/2/18,Lewis Hamilton,MERCEDES-BENZ,53,1:16:54
Singapore,9/16/18,Lewis Hamilton,MERCEDES-BENZ,61,1:51:11
Russia,9/30/18,Lewis Hamilton,MERCEDES-BENZ,53,1:27:25
Japan,10/7/18,Lewis Hamilton,MERCEDES-BENZ,53,1:27:17
United States,10/21/18,Kimi RŠikkšnen,FERRARI,56,1:34:18
Mexico,10/28/18,Max Verstappen,RED BULL RACING TAG HEUER,71,1:38:28
Brazil,11/11/18,Lewis Hamilton,MERCEDES-BENZ,71,1:27:09
United Arab Emirates,11/25/18,Lewis Hamilton,MERCEDES-BENZ,55,1:39:40
Australia,3/17/19,Valtteri Bottas,MERCEDES-BENZ,58,1:25:27
Bahrain,3/31/19,Lewis Hamilton,MERCEDES-BENZ,57,1:34:21
China,4/14/19,Lewis Hamilton,MERCEDES-BENZ,56,1:32:06
Azerbaijan,4/28/19,Valtteri Bottas,MERCEDES-BENZ,51,1:31:52
Spain,5/12/19,Lewis Hamilton,MERCEDES-BENZ,66,1:35:50
Monaco,5/26/19,Lewis Hamilton,MERCEDES-BENZ,78,1:43:28
Canada,6/9/19,Lewis Hamilton,MERCEDES-BENZ,70,1:29:07
France,6/23/19,Lewis Hamilton,MERCEDES-BENZ,53,1:24:31
Austria,6/30/19,Max Verstappen,RED BULL RACING HONDA,71,1:22:01
Great Britain,7/14/19,Lewis Hamilton,MERCEDES-BENZ,52,1:21:08
Germany,7/28/19,Max Verstappen,RED BULL RACING HONDA,64,1:44:31
Hungary,8/4/19,Lewis Hamilton,MERCEDES-BENZ,70,1:35:03
Belgium,9/1/19,Charles Leclerc,FERRARI,44,1:23:45
Italy,9/8/19,Charles Leclerc,FERRARI,53,1:15:26
Singapore,9/22/19,Sebastian Vettel,FERRARI,61,1:58:33
Russia,9/29/19,Lewis Hamilton,MERCEDES-BENZ,53,1:33:38
Japan,10/13/19,Valtteri Bottas,MERCEDES-BENZ,52,1:21:46
Mexico,10/27/19,Lewis Hamilton,MERCEDES-BENZ,71,1:36:48
United States,11/3/19,Valtteri Bottas,MERCEDES-BENZ,56,1:33:55
Brazil,11/17/19,Max Verstappen,RED BULL RACING HONDA,71,1:33:14
United Arab Emirates,12/1/19,Lewis Hamilton,MERCEDES-BENZ,55,1:34:05
Austria,7/5/20,Valtteri Bottas,MERCEDES-BENZ,71,1:30:55
Austria,7/12/20,Lewis Hamilton,MERCEDES-BENZ,71,1:22:50
Hungary,7/19/20,Lewis Hamilton,MERCEDES-BENZ,70,1:36:12
Great Britain,8/2/20,Lewis Hamilton,MERCEDES-BENZ,52,1:28:01
Great Britain,8/9/20,Max Verstappen,RED BULL RACING HONDA,52,1:19:41
Spain,8/16/20,Lewis Hamilton,MERCEDES-BENZ,66,1:31:45
Belgium,8/30/20,Lewis Hamilton,MERCEDES-BENZ,44,1:24:08
Italy,9/6/20,Pierre Gasly,ALPHATAURI HONDA,53,1:47:06
Italy,9/13/20,Lewis Hamilton,MERCEDES-BENZ,59,2:19:35
Russia,9/27/20,Valtteri Bottas,MERCEDES-BENZ,53,1:34:00
Germany,10/11/20,Lewis Hamilton,MERCEDES-BENZ,60,1:35:49
Portugal,10/25/20,Lewis Hamilton,MERCEDES-BENZ,66,1:29:56
Italy,11/1/20,Lewis Hamilton,MERCEDES-BENZ,63,1:28:32
Turkey,11/15/20,Lewis Hamilton,MERCEDES-BENZ,58,1:42:19
Bahrain,11/29/20,Lewis Hamilton,MERCEDES-BENZ,57,2:59:47
Bahrain,12/6/20,Sergio Perez,RACING POINT BWT MERCEDES,87,1:31:15
United Arab Emirates,12/13/20,Max Verstappen,RED BULL RACING HONDA,55,1:36:28
Bahrain,3/28/21,Lewis Hamilton,MERCEDES-BENZ,56,1:32:03
Italy,4/18/21,Max Verstappen,RED BULL RACING HONDA,63,2:02:34
Portugal,5/2/21,Lewis Hamilton,MERCEDES-BENZ,66,1:34:31
Spain,5/9/21,Lewis Hamilton,MERCEDES-BENZ,66,1:33:07
Monaco,5/23/21,Max Verstappen,RED BULL RACING HONDA,78,1:38:56
Azerbaijan,6/6/21,Sergio Perez,RED BULL RACING HONDA,51,2:13:36
France,6/20/21,Max Verstappen,RED BULL RACING HONDA,53,1:27:25
Austria,6/27/21,Max Verstappen,RED BULL RACING HONDA,71,1:22:18
Austria,7/4/21,Max Verstappen,RED BULL RACING HONDA,71,1:23:54
Great Britain,7/18/21,Lewis Hamilton,MERCEDES-BENZ,52,1:58:23
Hungary,8/1/21,Esteban Ocon,ALPINE RENAULT,70,2:04:43
Belgium,8/29/21,Max Verstappen,RED BULL RACING HONDA,3,0:03:27
Netherlands,9/5/21,Max Verstappen,RED BULL RACING HONDA,72,1:30:05
Italy,9/12/21,Daniel Ricciardo,MCLAREN MERCEDES,53,1:21:54
Russia,9/26/21,Lewis Hamilton,MERCEDES-BENZ,53,1:30:41
Turkey,10/10/21,Valtteri Bottas,MERCEDES-BENZ,58,1:31:04
United States,10/24/21,Max Verstappen,RED BULL RACING HONDA,56,1:34:36
Mexico,11/7/21,Max Verstappen,RED BULL RACING HONDA,71,1:38:39
Brazil,11/14/21,Lewis Hamilton,MERCEDES-BENZ,71,1:32:22
Qatar,11/21/21,Lewis Hamilton,MERCEDES-BENZ,57,1:24:28
Saudi Arabia,12/5/21,Lewis Hamilton,MERCEDES-BENZ,50,2:06:15
United Arab Emirates,12/12/21,Max Verstappen,RED BULL RACING HONDA,58,1:30:17
Bahrain,3/20/22,Charles Leclerc,FERRARI,57,1:37:33
Saudi Arabia,3/27/22,Max Verstappen,RED BULL RACING RBPT,50,1:24:19
Australia,4/10/22,Charles Leclerc,FERRARI,58,1:27:46
Italy,4/24/22,Max Verstappen,RED BULL RACING RBPT,63,1:32:07
United States,5/8/22,Max Verstappen,RED BULL RACING RBPT,57,1:34:24
Spain,5/22/22,Max Verstappen,RED BULL RACING RBPT,66,1:37:20
Monaco,5/29/22,Sergio Perez,RED BULL RACING RBPT,64,1:56:30
Azerbaijan,6/12/22,Max Verstappen,RED BULL RACING RBPT,51,1:34:05
Canada,6/19/22,Max Verstappen,RED BULL RACING RBPT,70,1:36:21
Great Britain,7/3/22,Carlos Sainz,FERRARI,52,2:17:50
Austria,7/10/22,Charles Leclerc,FERRARI,71,1:24:24
France,7/24/22,Max Verstappen,RED BULL RACING RBPT,53,1:30:02
Hungary,7/31/22,Max Verstappen,RED BULL RACING RBPT,70,1:39:35
Belgium,8/28/22,Max Verstappen,RED BULL RACING RBPT,44,1:25:52
Netherlands,9/4/22,Max Verstappen,RED BULL RACING RBPT,72,1:36:42
Italy,9/11/22,Max Verstappen,RED BULL RACING RBPT,53,1:20:27
Singapore,10/2/22,Sergio Perez,RED BULL RACING RBPT,59,2:02:20
Japan,10/9/22,Max Verstappen,RED BULL RACING RBPT,28,3:01:44
United States,10/23/22,Max Verstappen,RED BULL RACING RBPT,56,1:42:11
Mexico,10/30/22,Max Verstappen,RED BULL RACING RBPT,71,1:38:36
Brazil,11/13/22,George Russell,MERCEDES-BENZ,71,1:38:34
United Arab Emirates,11/20/22,Max Verstappen,RED BULL RACING RBPT,58,1:27:45
Bahrain,3/5/23,Max Verstappen,RED BULL RACING HONDA RBPT,57,1:33:56
Saudi Arabia,3/19/23,Sergio Perez,RED BULL RACING HONDA RBPT,50,1:21:14
Australia,4/2/23,Max Verstappen,RED BULL RACING HONDA RBPT,58,2:32:38
Azerbaijan,4/30/23,Sergio Perez,RED BULL RACING HONDA RBPT,51,1:32:38
United States,5/7/23,Max Verstappen,RED BULL RACING HONDA RBPT,57,1:27:38
Monaco,5/28/23,Max Verstappen,RED BULL RACING HONDA RBPT,78,1:48:51
Spain,6/4/23,Max Verstappen,RED BULL RACING HONDA RBPT,66,1:27:57
Canada,6/18/23,Max Verstappen,RED BULL RACING HONDA RBPT,70,1:33:58
Austria,7/2/23,Max Verstappen,RED BULL RACING HONDA RBPT,71,1:25:33
Great Britain,7/9/23,Max Verstappen,RED BULL RACING HONDA RBPT,52,1:25:16
Hungary,7/23/23,Max Verstappen,RED BULL RACING HONDA RBPT,70,1:38:08
Belgium,7/30/23,Max Verstappen,RED BULL RACING HONDA RBPT,44,1:22:30
Netherlands,8/27/23,Max Verstappen,RED BULL RACING HONDA RBPT,72,2:24:04
Italy,9/3/23,Max Verstappen,RED BULL RACING HONDA RBPT,51,1:13:41
Singapore,9/17/23,Carlos Sainz,FERRARI,62,1:46:37
Japan,9/24/23,Max Verstappen,RED BULL RACING HONDA RBPT,53,1:30:58
Qatar,10/8/23,Max Verstappen,RED BULL RACING HONDA RBPT,57,1:27:39
United States,10/22/23,Max Verstappen,RED BULL RACING HONDA RBPT,56,1:35:21
Mexico,10/29/23,Max Verstappen,RED BULL RACING HONDA RBPT,71,2:02:30
Brazil,11/5/23,Max Verstappen,RED BULL RACING HONDA RBPT,71,1:56:48
United States,11/18/23,Max Verstappen,RED BULL RACING HONDA RBPT,50,1:29:08
United Arab Emirates,11/26/23,Max Verstappen,RED BULL RACING HONDA RBPT,58,1:27:02
Bahrain,3/2/24,Max Verstappen,RED BULL RACING HONDA RBPT,57,1:31:44
Saudi Arabia,3/9/24,Max Verstappen,RED BULL RACING HONDA RBPT,50,1:20:43
Australia,3/24/24,Carlos Sainz,FERRARI,58,1:20:26
Japan,4/7/24,Max Verstappen,RED BULL RACING HONDA RBPT,53,1:54:23
China,4/21/24,Max Verstappen,RED BULL RACING HONDA RBPT,56,1:40:52
United States,5/5/24,Lando Norris,MCLAREN MERCEDES,57,1:30:49
Italy,5/19/24,Max Verstappen,RED BULL RACING HONDA RBPT,63,1:25:25
Monaco,5/26/24,Charles Leclerc,FERRARI,78,2:23:15
Canada,6/9/24,Max Verstappen,RED BULL RACING HONDA RBPT,70,1:45:47
Spain,6/23/24,Max Verstappen,RED BULL RACING HONDA RBPT,66,1:28:20
Austria,6/30/24,George Russell,MERCEDES-BENZ,71,1:24:22